<?xml version="1.0" encoding="UTF-8" standalone="yes"?>
<ns2:ExportManifest xmlns:ns2="http://www.pentaho.com/schema/">
    <ExportManifestInformation exportDate="05-12-2019 04:16:18 ART" exportBy="admin" rootFolder="/home/admin/" manifestVersion="2"/>
    <ExportManifestEntity path="Mapa USA 2">
        <ExportManifestProperty>
            <EntityMetaData name="Mapa USA 2" createdDate="2019-12-04T17:33:10.482-03:00" isFolder="true" path="Mapa USA 2" isHidden="false" isSchedulable="false" locale="es_ES" title="Mapa USA 2"/>
        </ExportManifestProperty>
        <ExportManifestProperty>
            <EntityAcl>
                <entriesInheriting>true</entriesInheriting>
                <owner>admin</owner>
                <ownerType>USER</ownerType>
            </EntityAcl>
        </ExportManifestProperty>
    </ExportManifestEntity>
    <ExportManifestEntity path="Mapa USA 2/Mapa USA 2.cda">
        <ExportManifestProperty>
            <EntityMetaData name="Mapa USA 2.cda" createdDate="2019-12-04T17:33:54.130-03:00" isFolder="false" path="Mapa USA 2/Mapa USA 2.cda" isHidden="false" isSchedulable="true" locale="es_ES" title="Mapa USA 2.cda"/>
        </ExportManifestProperty>
        <ExportManifestProperty>
            <EntityAcl>
                <entriesInheriting>true</entriesInheriting>
                <owner>admin</owner>
                <ownerType>USER</ownerType>
            </EntityAcl>
        </ExportManifestProperty>
    </ExportManifestEntity>
    <ExportManifestEntity path="Mapa USA 2/Mapa USA 2.cdfde">
        <ExportManifestProperty>
            <EntityMetaData name="Mapa USA 2.cdfde" createdDate="2019-12-04T17:33:54.080-03:00" isFolder="false" path="Mapa USA 2/Mapa USA 2.cdfde" isHidden="false" isSchedulable="true" locale="es_ES" title="Mapa USA 2.cdfde"/>
        </ExportManifestProperty>
        <ExportManifestProperty>
            <EntityAcl>
                <entriesInheriting>true</entriesInheriting>
                <owner>admin</owner>
                <ownerType>USER</ownerType>
            </EntityAcl>
        </ExportManifestProperty>
    </ExportManifestEntity>
    <ExportManifestEntity path="Mapa USA 2/Mapa USA 2.wcdf">
        <ExportManifestProperty>
            <EntityMetaData name="Mapa USA 2.wcdf" createdDate="2019-12-04T17:33:54.044-03:00" isFolder="false" path="Mapa USA 2/Mapa USA 2.wcdf" isHidden="false" isSchedulable="true" locale="es_ES" description="Mapa USA" title="Mapa USA 2"/>
        </ExportManifestProperty>
        <ExportManifestProperty>
            <EntityAcl>
                <entriesInheriting>true</entriesInheriting>
                <owner>admin</owner>
                <ownerType>USER</ownerType>
            </EntityAcl>
        </ExportManifestProperty>
    </ExportManifestEntity>
    <ExportManifestEntity path="Mapa USA 2/States.js">
        <ExportManifestProperty>
            <EntityMetaData name="States.js" createdDate="2019-12-04T17:34:22.108-03:00" isFolder="false" path="Mapa USA 2/States.js" isHidden="true" isSchedulable="true" locale="es_ES" title="States.js"/>
        </ExportManifestProperty>
        <ExportManifestProperty>
            <EntityAcl>
                <entriesInheriting>true</entriesInheriting>
                <owner>admin</owner>
                <ownerType>USER</ownerType>
            </EntityAcl>
        </ExportManifestProperty>
    </ExportManifestEntity>
</ns2:ExportManifest>
