<?xml version="1.0" encoding="UTF-8" standalone="yes"?>
<ns2:ExportManifest xmlns:ns2="http://www.pentaho.com/schema/">
    <ExportManifestInformation exportDate="05-12-2019 12:31:20 ART" exportBy="admin" rootFolder="/home/admin/" manifestVersion="2"/>
    <ExportManifestEntity path="Tablero 3">
        <ExportManifestProperty>
            <EntityMetaData name="Tablero 3" createdDate="2019-12-04T18:24:20.217-03:00" isFolder="true" path="Tablero 3" isHidden="false" isSchedulable="false" locale="es_ES" title="Tablero 3"/>
        </ExportManifestProperty>
        <ExportManifestProperty>
            <EntityAcl>
                <entriesInheriting>true</entriesInheriting>
                <owner>admin</owner>
                <ownerType>USER</ownerType>
            </EntityAcl>
        </ExportManifestProperty>
    </ExportManifestEntity>
    <ExportManifestEntity path="Tablero 3/Tablero 3.cda">
        <ExportManifestProperty>
            <EntityMetaData name="Tablero 3.cda" createdDate="2019-12-04T18:34:47.183-03:00" isFolder="false" path="Tablero 3/Tablero 3.cda" isHidden="false" isSchedulable="true" locale="es_ES" title="Tablero 3.cda"/>
        </ExportManifestProperty>
        <ExportManifestProperty>
            <EntityAcl>
                <entriesInheriting>true</entriesInheriting>
                <owner>admin</owner>
                <ownerType>USER</ownerType>
            </EntityAcl>
        </ExportManifestProperty>
    </ExportManifestEntity>
    <ExportManifestEntity path="Tablero 3/Tablero 3.cdfde">
        <ExportManifestProperty>
            <EntityMetaData name="Tablero 3.cdfde" createdDate="2019-12-04T18:24:48.942-03:00" isFolder="false" path="Tablero 3/Tablero 3.cdfde" isHidden="false" isSchedulable="true" locale="es_ES" title="Tablero 3.cdfde"/>
        </ExportManifestProperty>
        <ExportManifestProperty>
            <EntityAcl>
                <entriesInheriting>true</entriesInheriting>
                <owner>admin</owner>
                <ownerType>USER</ownerType>
            </EntityAcl>
        </ExportManifestProperty>
    </ExportManifestEntity>
    <ExportManifestEntity path="Tablero 3/Tablero 3.wcdf">
        <ExportManifestProperty>
            <EntityMetaData name="Tablero 3.wcdf" createdDate="2019-12-04T18:24:48.897-03:00" isFolder="false" path="Tablero 3/Tablero 3.wcdf" isHidden="false" isSchedulable="true" locale="es_ES" description="Tablero 3" title="Tablero 3"/>
        </ExportManifestProperty>
        <ExportManifestProperty>
            <EntityAcl>
                <entriesInheriting>true</entriesInheriting>
                <owner>admin</owner>
                <ownerType>USER</ownerType>
            </EntityAcl>
        </ExportManifestProperty>
    </ExportManifestEntity>
</ns2:ExportManifest>
