<?xml version="1.0" encoding="UTF-8" standalone="yes"?>
<ns2:ExportManifest xmlns:ns2="http://www.pentaho.com/schema/">
    <ExportManifestInformation exportDate="05-12-2019 12:31:09 ART" exportBy="admin" rootFolder="/home/admin/" manifestVersion="2"/>
    <ExportManifestEntity path="Mapa USA">
        <ExportManifestProperty>
            <EntityMetaData name="Mapa USA" createdDate="2019-11-13T23:31:08.200-03:00" isFolder="true" path="Mapa USA" isHidden="false" isSchedulable="false" locale="es_ES" title="Mapa USA"/>
        </ExportManifestProperty>
        <ExportManifestProperty>
            <EntityAcl>
                <entriesInheriting>true</entriesInheriting>
                <owner>admin</owner>
                <ownerType>USER</ownerType>
            </EntityAcl>
        </ExportManifestProperty>
    </ExportManifestEntity>
    <ExportManifestEntity path="Mapa USA/Mapa USA.cda">
        <ExportManifestProperty>
            <EntityMetaData name="Mapa USA.cda" createdDate="2019-11-14T00:00:59.709-03:00" isFolder="false" path="Mapa USA/Mapa USA.cda" isHidden="false" isSchedulable="true" locale="es_ES" title="Mapa USA.cda"/>
        </ExportManifestProperty>
        <ExportManifestProperty>
            <EntityAcl>
                <entriesInheriting>true</entriesInheriting>
                <owner>admin</owner>
                <ownerType>USER</ownerType>
            </EntityAcl>
        </ExportManifestProperty>
    </ExportManifestEntity>
    <ExportManifestEntity path="Mapa USA/Mapa USA.cdfde">
        <ExportManifestProperty>
            <EntityMetaData name="Mapa USA.cdfde" createdDate="2019-11-13T23:31:53.647-03:00" isFolder="false" path="Mapa USA/Mapa USA.cdfde" isHidden="false" isSchedulable="true" locale="es_ES" title="Mapa USA.cdfde"/>
        </ExportManifestProperty>
        <ExportManifestProperty>
            <EntityAcl>
                <entriesInheriting>true</entriesInheriting>
                <owner>admin</owner>
                <ownerType>USER</ownerType>
            </EntityAcl>
        </ExportManifestProperty>
    </ExportManifestEntity>
    <ExportManifestEntity path="Mapa USA/Mapa USA.wcdf">
        <ExportManifestProperty>
            <EntityMetaData name="Mapa USA.wcdf" createdDate="2019-11-13T23:31:53.602-03:00" isFolder="false" path="Mapa USA/Mapa USA.wcdf" isHidden="false" isSchedulable="true" locale="es_ES" description="Mapa USA" title="Mapa USA"/>
        </ExportManifestProperty>
        <ExportManifestProperty>
            <EntityAcl>
                <entriesInheriting>true</entriesInheriting>
                <owner>admin</owner>
                <ownerType>USER</ownerType>
            </EntityAcl>
        </ExportManifestProperty>
    </ExportManifestEntity>
    <ExportManifestEntity path="Mapa USA/States.js">
        <ExportManifestProperty>
            <EntityMetaData name="States.js" createdDate="2019-11-14T02:35:49.394-03:00" isFolder="false" path="Mapa USA/States.js" isHidden="true" isSchedulable="true" locale="es_ES" title="States.js"/>
        </ExportManifestProperty>
        <ExportManifestProperty>
            <EntityAcl>
                <entriesInheriting>true</entriesInheriting>
                <owner>admin</owner>
                <ownerType>USER</ownerType>
            </EntityAcl>
        </ExportManifestProperty>
    </ExportManifestEntity>
</ns2:ExportManifest>
